filename	product	landing_url	image_url
lexus-lx.jpg	Matchbox 2022 Lexus LX	https://kinderlogs.in/products/matchbox-moving-parts-2022-lexus-lx	https://kinderlogs.in/cdn/shop/files/matchbox-moving-parts-2022-lexus-lx-suv-566603.jpg?v=1719203696
volkswagen-beetle.jpg	Matchbox 1962 Volkswagen Beetle	https://leksaksbilar.se/sv/products/1962-volkswagen-beetle-gron-power-grab-matchbox	https://d3dnwnveix5428.cloudfront.net/store_f6ee1f9e-7f74-40ad-8870-7bea20681510/images/1Ef7pBcwlgC5G6I1713108856.jpeg
ford-custom-300.jpg	Matchbox 1957 Ford Custom 300	https://www.walmart.com/ip/5271448695	https://i5.walmartimages.com/seo/Matchbox-Metal-70-Years-2022-Red-1957-Ford-Custom-300-Toy-Car-21-100_818001bb-507d-40d9-9cf4-f65e1981c60e.9db61cc342cf61862fc6b6ff8a8fd7c7.jpeg
datsun-510-rally.jpg	Matchbox 1970 Datsun 510 Rally	https://carolinasdiecast.com/products/2025-matchbox-51-70-datsun-510-rally-light-blue	https://carolinasdiecast.com/cdn/shop/files/F27D7160-D360-4B74-AD15-70FB0EF2449A.jpg?v=1734803457&width=1946
jeep-renegade.jpg	Matchbox 2019 Jeep Renegade	https://topcollectibles.com/products/matchbox-2019-jeep-renegade-2024-european-streets-series	https://topcollectibles.com/cdn/shop/files/matchbox-2019-jeep-renegade-2024-european-streets-seriesdiecastmatchbox-691820.jpg?v=1729396908
volkswagen-golf-country.jpg	Matchbox 1990 Volkswagen Golf Country	https://universohotwheels.com.br/product-page/matchbox-off-road-rally-90-volkswagen-golf-country/	https://universohotwheels.com.br/wp-content/uploads/2024/07/1000051598.jpg
ford-f550.jpg	Matchbox Ford F-550 Super Duty	https://speedcastings.com/products/matchbox-ford-f-550-super-duty	https://speedcastings.com/cdn/shop/files/Matchbox-FordF-550SuperDuty.png?v=1746325140
ford-police-interceptor.jpg	Matchbox Ford Police Interceptor Utility	https://www.igraceshop.si/Matchbox-Ford-Police-Interceptor-Utility-avtomobilcek-1-64--Mattel.html	https://www.igraceshop.si/upload_files/products/Matchbox-Ford-Police-Interceptor-Utility-avtomobilcek-1-64--Mattel-1.webp
garbage-king.jpg	Matchbox Garbage King	https://ignitiondiecast.com/products/matchbox-2025-099-125-garbage-king-red-dark-red	https://ignitiondiecast.com/cdn/shop/files/s-l1600_8_486ba6ee-2dfc-4d16-9def-f5027097c13e.webp?v=1764192211&width=1445
blaze-blaster.jpg	Matchbox Blaze Blaster III	https://www.blasterchile.cl/products/blaze-blaster-iii-13-125-2025-matchbox	https://www.blasterchile.cl/cdn/shop/files/Blaze_Blaster_III_listo.webp?v=1743610650
ram-ambulance.jpg	Matchbox 2019 Ram Ambulance	https://www.walmart.com/ip/1702189364	https://i5.walmartimages.com/seo/Matchbox-2019-Ram-Ambulance-Moving-Parts-26-54_aa6e5dcf-3936-4d10-91dd-534ca2c0ebe4.c63146f8b92d79ca5c3aed6506156329.jpeg
tesla-cybertruck.jpg	Matchbox Tesla Cybertruck	https://www.walmart.com/ip/17946420159	https://i5.walmartimages.com/seo/Matchbox-Tesla-Cybertruck-Moving-Parts-New-2025_f4bbdc40-26a9-46a5-9615-24c1842957de.ec749e5191673adc62d6b0b5239ffa6c.webp?odnBg=FFFFFF&odnHeight=768&odnWidth=768
ev-school-bus.jpg	Matchbox MBX EV School Bus	https://www.walmart.com/ip/15972165323	https://i5.walmartimages.com/seo/Matchbox-MBX-EV-School-Bus-Diecast-Car_32dc47a1-9e28-4f9c-b11e-6a9fd87e8f11.5a0989a9a8ad7c32316720048f9d4389.jpeg
porsche-911.jpg	Matchbox 1964 Porsche 911	https://agrmodels.uk/products/matchbox-moving-parts-2026-1964-porsche-911-blue	https://agrmodels.uk/cdn/shop/files/mb-moving-parts-1964-porsche-911-blue.jpg?v=1769544860&width=1445
honda-s2000.jpg	Matchbox 2004 Honda S2000	https://carolinasdiecast.com/products/copy-2025-matchbox-moving-parts-5-lamborghini-centenario-gold-162b-1	https://carolinasdiecast.com/cdn/shop/files/CD3359CD-A28A-46D3-9401-C49DE16F289E.jpg?v=1766344833
international-scout.jpg	Matchbox 1976 Scout 4x4	https://www.target.com/p/-/A-94143427	https://target.scene7.com/is/image/Target/GUEST_4148320e-dd43-46e3-a995-77b204ee68c3
cement-king.jpg	Matchbox Working Rigs Cement King HD	https://www.walmart.com/ip/5490425810	https://i5.walmartimages.com/seo/Matchbox-Working-Rigs-Cement-King-HD-White-Gray-8-16_ad59a8ad-6364-4caf-aa4c-bc3e5c9a92b4.d95f3bd9d903f1983a29cf775c89b422.jpeg?odnBg=FFFFFF&odnHeight=768&odnWidth=768
ground-grabber.jpg	Matchbox Ground Grabber	https://www.ricardo.ch/de/a/matchbox-ground-grabber-1245703400/	https://img.ricardostatic.ch/images/a1c17830-46bd-401e-80de-28c1230524ae/t_1000x750/matchbox-ground-grabber
workstar-dump-truck.jpg	Matchbox International WorkStar 7500 Dump Truck	https://globaldiecastdirect.com/working-rigs-real-working-rigs/26380-matchbox-working-rigs-international-workstar-dump-truck.html	https://globaldiecastdirect.com/52076-thickbox_default/matchbox-working-rigs-international-workstar-dump-truck.jpg
fedex-brightdrop.jpg	Matchbox FedEx BrightDrop Zevo 600	https://globaldiecastdirect.com/working-rigs-real-working-rigs/32145-matchbox-working-rigs-gm-brightdrop-zevo-600-ev-fedex-delivery-truck.html	https://globaldiecastdirect.com/63827-thickbox_default/matchbox-working-rigs-gm-brightdrop-zevo-600-ev-fedex-delivery-truck.jpg
ups-boeing-747.jpg	Matchbox UPS Boeing 747-400	https://www.alisrehberi.com/urun/matchbox-skybusters-boeing-747-400-jcn03	https://m.media-amazon.com/images/I/415VuT0fFYL._AC_SL1500_.jpg
space-shuttle.jpg	Matchbox Space Shuttle Orbiter	https://bigboytoysus.com/products/matchbox-space-shuttle-orbiter-sky-busters-series-13-32	https://bigboytoysus.com/cdn/shop/files/SpaceShuttleOrbiter_1.jpg?v=1762302485&width=1400
northrop-b2.jpg	Matchbox Northrop Grumman B-2	https://www.igraceshop.si/matchbox-sky-buster-letalo-northrop-grumman-b-2-mattel.html	https://www.igraceshop.si/upload_files/products/matchbox-sky-buster-letalo-northrop-grumman-b-2-mattel.jpg
airbus-beluga.jpg	Matchbox Airbus A320 Beluga	https://www.etsy.com/listing/4340179022/airbus-beluga-matchbox-sky-busters-2632	https://i.etsystatic.com/58947870/r/il/f4da10/7045743316/il_fullxfull.7045743316_jn68.jpg
c130-hercules.jpg	Matchbox Lockheed C-130J Super Hercules	https://shopee.ph/Matchbox-MBX-2025-Sky-Buster-Lockheed-Martin-C-130-J-Super-Hercules-%28New-Casting%29-i.728008869.43261819607	https://down-ph.img.susercontent.com/file/my-11134207-7rasi-md4862a3ie9xf8
chinook.jpg	Matchbox CH-47 Chinook	https://www.walmart.com/ip/17249953814	https://i5.walmartimages.com/seo/Matchbox-Sky-Busters-CH-47-Chinook-Diecast-Vehicle-Red_154184ba-bf98-41c0-9d04-ed6a419edbd9.d59cf4fbde4631c8d3810bfe217cd9e2.jpeg
gee-bee.jpg	Matchbox Gee Bee	https://www.ebay.com/itm/396066598259	https://i.ebayimg.com/images/g/7mAAAOSwvBBncLb6/s-l1200.jpg
fa18-super-hornet.jpg	Matchbox Boeing F/A-18 Super Hornet	https://www.walmart.com/ip/18032906989	https://i5.walmartimages.com/seo/Matchbox-Sky-Busters-F-A-18-Super-Hornet-Diecast-Vehicle_06f40c58-bc30-4a20-9028-66c180cc5cd4.7e0d37a7a4956a852df0888a69b8f3cc.jpeg?odnBg=FFFFFF&odnHeight=573&odnWidth=573
falcon-heavy.jpg	Matchbox SpaceX Falcon Heavy	https://www.ebay.ca/itm/176249821913	https://i.ebayimg.com/images/g/EugAAOSweHll1Yx5/s-l1200.png
emirates-a380.jpg	Daron Emirates Airbus A380	https://modeltoycars.com/emirates-a380-single-plane-white-daron-rt9904-diecast-model-airplane-replica/	https://cdn11.bigcommerce.com/s-rejby4tfjq/images/stencil/1000x667/products/4967/20337/rt9904-AZ__39217.1610384804.jpg?c=1
american-eagle-erj145.jpg	Skymarks Daron American Eagle ERJ145	https://www.scalemodelstore.com/model/5980/American_Eagle_-Embraer_ERJ-145.html	https://www.scalemodelstore.com/content/shop/images/original/27586.jpg
british-airways-concorde.jpg	Daron British Airways Concorde	https://www.airplaneshop.com/products/british-airways-concorde-single-plane	https://www.airplaneshop.com/cdn/shop/files/dar98845_7.jpg?v=1729132199
british-airways-787.jpg	Daron British Airways Boeing 787	https://modeltoycars.com/british-airways-787-single-plane-white-daron-rt6005-diecast-model-airplane-replica/	https://cdn11.bigcommerce.com/s-rejby4tfjq/images/stencil/1000x667/products/4999/20438/rt6005_1-AZ__53472.1596583400.jpg?c=1
cessna-172.jpg	Daron Runway24 Cessna 172 Skyhawk	https://www.walmart.com/ip/53285825	https://i5.walmartimages.com/seo/Cessna-172-Aircraft-White-with-Blue-and-Yellow-Stripes-N470ES-with-Runway-Section-Diecast-Model-Airplane-by-Runway24_49e585e8-03ee-43fd-a376-f098fe6baf05.197eb6b907bd0d3f52ce97e4d6bdd104.jpeg
lledo-red-crown-model-t-tanker.jpg	Lledo Chevron 1920 Ford Model T Red Crown Tanker	https://tulipstuff.com/products/lledo-chevron-red-crown-gasoline-1920-model-t-ford-tanker-standard-oil	/collection/assets/lledo-red-crown-model-t-tanker.jpg
lledo-standard-oil-dennis-fire-engine.jpg	Lledo Chevron 1934 Dennis Fire Engine	https://www.lledoshuffle.co.uk/product/lp12026-dennis-fire-engine-refinery-fire-department/	/collection/assets/lledo-standard-oil-dennis-fire-engine.jpg
hot-wheels-nissan-hardbody.jpg	Hot Wheels Nissan Hardbody	https://www.ebay.com/itm/366550657488	/collection/assets/hot-wheels-nissan-hardbody.jpg
hot-wheels-talbot-lago.jpg	Hot Wheels Talbot Lago	https://www.ebay.com/itm/305367889429	/collection/assets/hot-wheels-talbot-lago.jpg
hot-wheels-hot-bird.jpg	Hot Wheels Hot Bird	https://www.ebay.com/itm/256419748973	/collection/assets/hot-wheels-hot-bird.jpg
zee-toys-suzuki-rm125.jpg	Zee Toys / Zylmex Ridge Rider Suzuki RM 125	https://hibid.com/en/lot/240585446/1986-zee-toys-diecast-ridge-rider-suzuki-rm-125-mo	/collection/assets/zee-toys-suzuki-rm125.jpg
yat-ming-porsche-959-pace-car.jpg	Yat Ming / MC Toy Porsche 959 Official Pace Car	https://www.ebay.com/itm/125983273057	/collection/assets/yat-ming-porsche-959-pace-car.jpg
lledo-standard-oil-chevrolet-pickup.jpg	Lledo Chevron 1939 Chevrolet Pickup	https://www.etsy.com/listing/4501483906/lledo-chevron-1939-chevrolet-pickup	/collection/assets/lledo-standard-oil-chevrolet-pickup.jpg
hot-wheels-63-corvette.jpg	Hot Wheels Split Window ’63 Corvette	https://www.toyheaven.ca/products/vintage-hot-wheels-1979-black-63-chevrolet-corvette-stingray-die-cast-car	/collection/assets/hot-wheels-63-corvette.jpg
hot-wheels-limozeen.jpg	Hot Wheels Limozeen	https://www.etsy.com/listing/1113192573/hot-wheels-1990-vj-classic-limo-service	/collection/assets/hot-wheels-limozeen.jpg
